{"cameraMode":{"drawMode":0,"name":"Shaded","section":"Shading Mode"},"sceneLighting":true,"audioPlay":false,"sceneViewState":{"showFog":true,"showMaterialUpdate":false,"showSkybox":true,"showFlares":true,"showImageEffects":true,"showParticleSystems":true},"in2DMode":false,"pivot":{"x":-0.04278180003166199,"y":1.631365180015564,"z":-5.908511161804199},"rotation":{"x":-0.022806981578469278,"y":0.008094432763755322,"z":-0.00018485929467715323,"w":-0.9997105598449707},"size":4.365025043487549,"orthographic":false}