{"cameraMode":{"drawMode":0,"name":"Shaded","section":"Shading Mode"},"sceneLighting":true,"audioPlay":false,"sceneViewState":{"showFog":true,"showMaterialUpdate":false,"showSkybox":true,"showFlares":true,"showImageEffects":true,"showParticleSystems":true},"in2DMode":false,"pivot":{"x":0.5649101734161377,"y":1.4097436666488648,"z":-5.90001106262207},"rotation":{"x":-0.04679255560040474,"y":0.0020943183917552234,"z":-0.00009833138028625399,"w":-0.998905599117279},"size":1.665025234222412,"orthographic":false}